[{"inputs":[{"internalType":"address","name":"_llg","type":"address"}],"stateMutability":"nonpayable","type":"constructor"},{"anonymous":false,"inputs":[{"indexed":true,"internalType":"address","name":"previousOwner","type":"address"},{"indexed":true,"internalType":"address","name":"newOwner","type":"address"}],"name":"OwnershipTransferred","type":"event"},{"inputs":[],"name":"bonusWallet","outputs":[{"internalType":"address","name":"","type":"address"}],"stateMutability":"view","type":"function"},{"inputs":[],"name":"canGetBonus","outputs":[{"internalType":"bool","name":"","type":"bool"}],"stateMutability":"view","type":"function"},{"inputs":[],"name":"consecutive","outputs":[{"internalType":"bool","name":"","type":"bool"}],"stateMutability":"view","type":"function"},{"inputs":[{"internalType":"uint256","name":"_room","type":"uint256"},{"internalType":"address","name":"_playerAddr","type":"address"},{"internalType":"uint256","name":"_funds","type":"uint256"}],"name":"deposit","outputs":[{"internalType":"bool","name":"","type":"bool"}],"stateMutability":"nonpayable","type":"function"},{"inputs":[{"internalType":"uint256","name":"_room","type":"uint256"}],"name":"getDeposits","outputs":[{"internalType":"uint256","name":"","type":"uint256"}],"stateMutability":"view","type":"function"},{"inputs":[{"internalType":"address","name":"_user","type":"address"}],"name":"getLLGBalanceOf","outputs":[{"internalType":"uint256","name":"","type":"uint256"}],"stateMutability":"view","type":"function"},{"inputs":[{"internalType":"address","name":"_playerAddr","type":"address"}],"name":"getNumOfConsecutiveWins","outputs":[{"internalType":"uint256","name":"","type":"uint256"}],"stateMutability":"view","type":"function"},{"inputs":[{"internalType":"address","name":"_playerAddr","type":"address"},{"internalType":"uint256","name":"_room","type":"uint256"},{"internalType":"uint256","name":"_passport","type":"uint256"},{"internalType":"uint256","name":"_numCWins","type":"uint256"}],"name":"giveBonusReward","outputs":[{"internalType":"bool","name":"","type":"bool"}],"stateMutability":"nonpayable","type":"function"},{"inputs":[{"internalType":"uint256","name":"_passport","type":"uint256"}],"name":"issuePassport","outputs":[],"stateMutability":"nonpayable","type":"function"},{"inputs":[],"name":"llgContract","outputs":[{"internalType":"contract ILLG","name":"","type":"address"}],"stateMutability":"view","type":"function"},{"inputs":[{"internalType":"uint256","name":"_room","type":"uint256"},{"internalType":"uint256","name":"_passport","type":"uint256"},{"internalType":"address","name":"_winnerAddr","type":"address"},{"internalType":"bool","name":"isFriendMatch","type":"bool"}],"name":"offerWinningReward","outputs":[{"internalType":"uint256","name":"","type":"uint256"}],"stateMutability":"nonpayable","type":"function"},{"inputs":[],"name":"owner","outputs":[{"internalType":"address","name":"","type":"address"}],"stateMutability":"view","type":"function"},{"inputs":[{"internalType":"uint256","name":"_room","type":"uint256"},{"internalType":"uint256","name":"_passport","type":"uint256"},{"internalType":"address","name":"_playerAddr","type":"address"},{"internalType":"uint256","name":"_amount","type":"uint256"}],"name":"refund","outputs":[],"stateMutability":"nonpayable","type":"function"},{"inputs":[],"name":"renounceOwnership","outputs":[],"stateMutability":"nonpayable","type":"function"},{"inputs":[{"internalType":"uint256","name":"","type":"uint256"},{"internalType":"address","name":"","type":"address"}],"name":"rewarded","outputs":[{"internalType":"bool","name":"","type":"bool"}],"stateMutability":"view","type":"function"},{"inputs":[{"internalType":"uint256","name":"","type":"uint256"},{"internalType":"address","name":"","type":"address"}],"name":"rewardedTime","outputs":[{"internalType":"uint256","name":"","type":"uint256"}],"stateMutability":"view","type":"function"},{"inputs":[{"internalType":"address","name":"_address","type":"address"}],"name":"setBonusWallet","outputs":[],"stateMutability":"nonpayable","type":"function"},{"inputs":[{"internalType":"address","name":"_of","type":"address"},{"internalType":"uint256","name":"_num","type":"uint256"}],"name":"setConsecutiveCount","outputs":[],"stateMutability":"nonpayable","type":"function"},{"inputs":[{"internalType":"uint256","name":"_dateTimeInMillis","type":"uint256"}],"name":"setStartTimeOfDay","outputs":[],"stateMutability":"nonpayable","type":"function"},{"inputs":[{"internalType":"uint256","name":"_taxPercent","type":"uint256"}],"name":"setTaxPercent","outputs":[],"stateMutability":"nonpayable","type":"function"},{"inputs":[{"internalType":"address","name":"_address","type":"address"}],"name":"setTaxWallet","outputs":[],"stateMutability":"nonpayable","type":"function"},{"inputs":[],"name":"startTimeOfDay","outputs":[{"internalType":"uint256","name":"","type":"uint256"}],"stateMutability":"view","type":"function"},{"inputs":[],"name":"taxPercent","outputs":[{"internalType":"uint256","name":"","type":"uint256"}],"stateMutability":"view","type":"function"},{"inputs":[],"name":"taxWallet","outputs":[{"internalType":"address","name":"","type":"address"}],"stateMutability":"view","type":"function"},{"inputs":[{"internalType":"address","name":"newOwner","type":"address"}],"name":"transferOwnership","outputs":[],"stateMutability":"nonpayable","type":"function"}]
